AOO.justification,AOO.range,AOOContinuingDecline.isInContinuingDecline,AOOContinuingDecline.justification,AOOContinuingDecline.qualifier,AOODetails.breedingRange,AOODetails.breedingRangeJustification,AOODetails.nonbreedingRange,AOODetails.nonbreedingRangeJustification,AOOExtremeFluctuation.isFluctuating,AOOExtremeFluctuation.justification,AreaRestricted.isRestricted,AreaRestricted.justification,AvgAnnualFecundity.fecundity,AvgReproductiveAge.age,AvgReproductiveAge.units,BirthSize.size,Congregatory.value,CropWildRelative.isRelative,CurrentTrendDataDerivation.value,DepthLower.limit,DepthUpper.limit,DepthZone.depthZone,EOO.justification,EOO.range,EOOContinuingDecline.isContinuingDecline,EOOContinuingDecline.justification,EOOContinuingDecline.qualifier,EOOExtremeFluctuation.isFluctuating,EOOExtremeFluctuation.justification,EggLaying.layEggs,ElevationLower.limit,ElevationUpper.limit,ExtinctionProbabilityGenerations3.justification,ExtinctionProbabilityGenerations3.range,ExtinctionProbabilityGenerations5.justification,ExtinctionProbabilityGenerations5.range,ExtinctionProbabilityYears100.justification,ExtinctionProbabilityYears100.range,FemaleMaturityAge.age,FemaleMaturityAge.units,FemaleMaturitySize.size,FreeLivingLarvae.hasStage,GenerationLength.justification,GenerationLength.quality,GenerationLength.range,GestationTime.time,GestationTime.units,HabitatContinuingDecline.isDeclining,HabitatContinuingDecline.justification,HabitatContinuingDecline.qualifier,IdentificationDescription.text,InPlaceEducationControlled.note,InPlaceEducationControlled.value,InPlaceEducationInternationalLegislation.note,InPlaceEducationInternationalLegislation.value,InPlaceEducationSubjectToPrograms.note,InPlaceEducationSubjectToPrograms.value,InPlaceLandWaterProtectionAreaPlanned.note,InPlaceLandWaterProtectionAreaPlanned.value,InPlaceLandWaterProtectionInPA.note,InPlaceLandWaterProtectionInPA.value,InPlaceLandWaterProtectionInvasiveControl.note,InPlaceLandWaterProtectionInvasiveControl.value,InPlaceLandWaterProtectionPercentProtected.note,InPlaceLandWaterProtectionPercentProtected.value,InPlaceLandWaterProtectionSitesIdentified.note,InPlaceLandWaterProtectionSitesIdentified.value,InPlaceResearchMonitoringScheme.note,InPlaceResearchMonitoringScheme.value,InPlaceResearchRecoveryPlan.note,InPlaceResearchRecoveryPlan.value,InPlaceSpeciesManagementExSitu.note,InPlaceSpeciesManagementExSitu.value,InPlaceSpeciesManagementHarvestPlan.note,InPlaceSpeciesManagementHarvestPlan.value,InPlaceSpeciesManagementReintroduced.note,InPlaceSpeciesManagementReintroduced.value,LiveBirth.liveBirth,Livelihoods.noInfo,LocationContinuingDecline.inDecline,LocationContinuingDecline.justification,LocationContinuingDecline.qualifier,LocationExtremeFluctuation.isFluctuating,LocationExtremeFluctuation.justification,LocationsNumber.justification,LocationsNumber.range,Longevity.longevity,Longevity.units,MaleMaturityAge.age,MaleMaturityAge.units,MaleMaturitySize.size,MatureIndividualsSubpopulation.value,MaxSize.size,MaxSubpopulationSize.range,MovementPatterns.pattern,NaturalMortality.value,NoThreats.noThreats,NonConsumptiveUse.isNonConsumptiveUse,NonConsumptiveUseDescription.narrative,NotUtilized.isNotUtilized,Parthenogenesis.exhibitsParthenogenesis,PopulationContinuingDecline.isDeclining,PopulationContinuingDecline.justification,PopulationContinuingDecline.qualifier,PopulationDeclineGenerations1.justification,PopulationDeclineGenerations1.qualifier,PopulationDeclineGenerations1.range,PopulationDeclineGenerations2.justification,PopulationDeclineGenerations2.qualifier,PopulationDeclineGenerations2.range,PopulationDeclineGenerations3.justification,PopulationDeclineGenerations3.qualifier,PopulationDeclineGenerations3.range,PopulationExtremeFluctuation.isFluctuating,PopulationExtremeFluctuation.justification,PopulationIncreaseRate.narrative,PopulationReductionFuture.direction,PopulationReductionFuture.justification,PopulationReductionFuture.qualifier,PopulationReductionFuture.range,PopulationReductionFutureBasis.detail,PopulationReductionFutureBasis.value,PopulationReductionPast.direction,PopulationReductionPast.justification,PopulationReductionPast.qualifier,PopulationReductionPast.range,PopulationReductionPastBasis.detail,PopulationReductionPastBasis.value,PopulationReductionPastCeased.value,PopulationReductionPastReversible.value,PopulationReductionPastUnderstood.value,PopulationReductionPastandFuture.direction,PopulationReductionPastandFuture.justification,PopulationReductionPastandFuture.numYears,PopulationReductionPastandFuture.qualifier,PopulationReductionPastandFuture.range,PopulationReductionPastandFutureBasis.detail,PopulationReductionPastandFutureBasis.value,PopulationReductionPastandFutureCeased.value,PopulationReductionPastandFutureReversible.value,PopulationReductionPastandFutureUnderstood.value,PopulationSize.range,ReproductivePeriodicity.value,SevereFragmentation.isFragmented,SevereFragmentation.justification,SubpopulationContinuingDecline.isDeclining,SubpopulationContinuingDecline.justification,SubpopulationContinuingDecline.qualifier,SubpopulationExtremeFluctuation.isFluctuating,SubpopulationExtremeFluctuation.justification,SubpopulationNumber.justification,SubpopulationNumber.range,SubpopulationSingle.value,ThreatsUnknown.value,TrendInDomesticOfftake.value,TrendInWildOfftake.value,UTCaptiveHarvest.value,UTHarvestTrendComments.narrative,UTIntlCommercialValue.value,UTLocalLivelihood.localcommercial,UTLocalLivelihood.localcommercialDetail,UTLocalLivelihood.subsistence,UTLocalLivelihood.subsistenceRationale,UTNatlCommercialValue.value,UseTradeNoInformation.value,WaterBreeding.value,YearOfPopulationEstimate.value,internal_taxon_id
,500,,,,,,,,,,,,,,,,,,,,,,,,,,,,,,,,,,,,,,,,,,,,,,,,,Suspected,,,,,,,,,,,,,,,,,,,Yes,,Unknown,,,,,,,,FALSE,,,,,,,1,,,,,,,,,,,FALSE,FALSE,,TRUE,,,,Suspected,,Suspected,,,Suspected,,,Suspected,,,,,,,Observed,,,,,,Projected,,,,,,,,,,,,,,,,,,,No,,,,Suspected,,,,,,FALSE,,,,,,,,,,,FALSE,,,13257
,,,,,,,,,,,,,,,,,,,,,,,,,,,,,,,,,,,,,,,,,,,,,,,,,,Suspected,,,,,,,,,,,Yes,,,,,Migrated from Conservation Measures 4.4.2 Habitat and Site-based actions -> Protected Areas->Establishment: in-place,"Yes, over entire range",,,,,,,,,,,,FALSE,,,,,,,,,,,,,,,,,,FALSE,FALSE,,TRUE,,,,Suspected,,Suspected,,,Suspected,,,Suspected,,,,,,,Observed,,,,,,Projected,,,,,,,,,,,,,,,,,,,No,,,,Suspected,,,,,,TRUE,,,,,,,,,,,FALSE,,,15543
,2000-1000000,,,Suspected,,,,,,,,,,,,,,,,,,,,20000-1000000,,,,,,,,,,,,,,,,,,,,,,,,,,Suspected,,,,,,,,,,,,,,,,,,,,,,,,,,,,,FALSE,,,Suspected,,,,,,,,,,,,,,,TRUE,FALSE,,TRUE,,,,Suspected,,Suspected,,,Suspected,,,Suspected,,,,,,,Observed,,,,,,Projected,,,,,,,,,,,,,,,,,,,No,,,,Suspected,,,,,,FALSE,,,,,,,,,,,FALSE,,,158578
,,,,Suspected,,,,,,,,,,,,,,,,,,,,,,,,,,,,,,,,,,,,,,,,,,,,,,Suspected,,,,,,,,,,,,,,,,,,,,,,,,,,,,,FALSE,,,Suspected,,,,,,,,,,,,,Full Migrant,,FALSE,FALSE,,TRUE,,,,Suspected,,Suspected,,,Suspected,,,Suspected,,,,,,,Observed,,,,,,Projected,,,,,,,,,,,,,,,,,,,No,,,,Suspected,,,,,,TRUE,,,,,,,,,,,FALSE,,,167478
,,,,Suspected,,,,,,,,,,,,,,,,,,,,,,,,,,,,,,,,,,,,,,,,,,,,,,Suspected,,,,,,,,,,,,,,,,,,,,,,,,,,,,,FALSE,,,Suspected,,,,,,,,,,,,,,,FALSE,FALSE,,TRUE,,,,Suspected,,Suspected,,,Suspected,,,Suspected,,,,,,,Observed,,,,,,Projected,,,,,,,,,,,,,,,,,,,,,,,Suspected,,,,,,TRUE,,,,,,,,,,,FALSE,,,168007
,,,,Suspected,,,,,,,,,,,,,,,,,,,,20000-1000000,,,,,,,,,,,,,,,,,,,,,,,,,,Suspected,,,,,,,,,,,,,,,,,,,,,,,,,,,,,FALSE,,,Suspected,,,,,,,,,,,,,,,FALSE,FALSE,,TRUE,,,,Suspected,,Suspected,,,Suspected,,,Suspected,,,,,,,Observed,,,,,,Projected,,,,,,,,,,,,,,,,,,,No,,,,Suspected,,,,,,FALSE,,,,,,,,,,,FALSE,,,168013
,,,,,,,,,,,,,,,,,,,,,,,,,,,,,,,,,,,,,,,,,,,,,,,,,,Suspected,,,,,,,,,,,,,,,,,,,,,,,,,,,,,FALSE,,,,,,,,,,,,,,,,,,FALSE,FALSE,,TRUE,,,,Suspected,,Suspected,,,Suspected,,,Suspected,,,,,,,Observed,,,,,,Projected,,,,,,,,,,,,,,,,,,,No,,,,Suspected,,,,,,TRUE,,,,,,,,,,,FALSE,,,168022
,2000-1000000,,,Suspected,,,,,,,,,,,,,,,,,,,,20000-1000000,,,,,,,,,,,,,,,,,,,,,,,,,,Suspected,,,,,,,,,,,,,,,,,,,,,,,,,,,,,FALSE,,,Suspected,,,,,,,,,,,,,,,TRUE,FALSE,,TRUE,,,,Suspected,,Suspected,,,Suspected,,,Suspected,,,,,,,Observed,,,,,,Projected,,,,,,,,,,,,,,,,,,,No,,,,Suspected,,,,,,FALSE,,,,,,,,,,,FALSE,,,184261
,,,,,,,,,,,,,,,,,,,,,,,,,,,,,,,,,,,,,,,,,,,,,,,,,,Suspected,,,,,,,,,,,,,,,,,,,,,,,,,,,,,FALSE,,,,,,,,,,,,,,,,,,FALSE,FALSE,,TRUE,,,,Suspected,,Suspected,,,Suspected,,,Suspected,,,,,,,Observed,,,,,,Projected,,,,,,,,,,,,,,,,,,,No,,,,Suspected,,,,,,FALSE,,,,,,,,,,,FALSE,,,22816
,0-200,,,,,,,,,,,,,,,,,,,,,,,0-200,,,,,,,,,,,,,,,,,,,,,,,,,,Suspected,,,,,,,,,,,,,,,,,,,,,,,,,,,,,FALSE,,,,,,,2,,,,,,,,,,,FALSE,FALSE,,TRUE,,,,Suspected,,Suspected,,,Suspected,,,Suspected,,,,,,,Observed,,,,,,Projected,,,,,,,,,,,,,,,,,,,No,,,,Suspected,,,,,,FALSE,,,,,,,,,,,FALSE,,,42840
,0-500,,,,,,,,,,,,,,,,,,,,,,,0-20000,,,,,,,,,,,,,,,,,,,,,,,,,,Suspected,,,,,,,,,,,,,,,,,,,,,,,,,,,,,FALSE,,,,,,,1,,,,,,,,,,,FALSE,FALSE,,TRUE,,,,Suspected,,Suspected,,,Suspected,,,Suspected,,,,,,,Observed,,,,,,Projected,,,,,,,,,,,,,,,,,,,No,,,,Suspected,,,,,,FALSE,,,,,,,,,,,FALSE,,,42843
,0-2000,,,,,,,,,,,,,,,,,,,,,,,0-20000,,,,,,,,,,,,,,,,,,,,,,,,,,Suspected,,,,,,,,,,,Yes,,,,,Migrated from Conservation Measures 4.4.2 Habitat and Site-based actions -> Protected Areas->Establishment: in-place,"Yes, over entire range",,,,,,,,,,,,FALSE,,,,,,,,,,,,,,,,,,FALSE,FALSE,,TRUE,,,,Suspected,,Suspected,,,Suspected,,,Suspected,,,,,,,Observed,,,,,,Projected,,,,,,,,,,,,,,,,,,,No,,,,Suspected,,,,,,FALSE,,,,,,,,,,,FALSE,,,42845
,,,,,,,,,,,,,,,,,,,,,,,,,,,,,,,,,,,,,,,,,,,,,,,,,,Suspected,,,,,,,,,,,,,,,,Migrated from Conservation Measures 4.4.2 Habitat and Site-based actions -> Protected Areas->Establishment: in-place,"Yes, over entire range",,,,,,,,,,,,FALSE,,,,,,,,,,,,,,,,,,FALSE,FALSE,,TRUE,,,,Suspected,,Suspected,,,Suspected,,,Suspected,,,,,,,Observed,,,,,,Projected,,,,,,,,,,,,,,,,,,,No,,,,Suspected,,,,,,FALSE,,,,,,,,,,,FALSE,,,4730
,0-500,,,,,,,,,,,,,,,,,,,,,,,,,,,,,No,,,,,,,,,,,,No,,,,,,,,Suspected,,,,,,,,,,,,,,,,,,,,,,,,,,,,No,FALSE,,,,,,,2,,,,,,,,,,,FALSE,FALSE,,TRUE,No,,,Suspected,,Suspected,,,Suspected,,,Suspected,,,,,,,Observed,,,,,,Projected,,,,,,,,,,,,,,,,,,,No,,,,Suspected,,,,,,FALSE,,,,,,,,,,,FALSE,No,,4731
,,,,Suspected,,,,,,,,,,,,,,,,,,,,20000-1000000,,,,,,No,,,,,,,,,,,,No,,,,,,,,Suspected,,,,,,,,,,,,,,,,,,,,,,,,,,,,No,FALSE,,,Suspected,,,,,,,,,,,,,,,FALSE,FALSE,,TRUE,No,,,Suspected,,Suspected,,,Suspected,,,Suspected,,,,,,,Observed,,,,,,Projected,,,,,,,,,,,,,,,,,,,No,,,,Suspected,,,,,,TRUE,,,,,,,,,,,FALSE,No,,59781
,,,,Suspected,,,,,,,,,,,,,,,,,,,,20000-1000000,,,,,,,,,,,,,,,,,,,,,,,,,,Suspected,,,,,,,,,,,,,,,,,,,,,,,,,,,,,FALSE,,,Suspected,,,,,,,,,,,,,,,FALSE,FALSE,,TRUE,,,,Suspected,,Suspected,,,Suspected,,,Suspected,,,,,,,Observed,,,,,,Projected,,,,,,,,,,,,,,,,,,,No,,,,Suspected,,,,,,TRUE,,,,,,,,,,,FALSE,,,59793
,,,,Suspected,,,,,,,,,,,,,,,,,,,,,,,,,,,,,,,,,,,,,,,,,,,,,,Suspected,,,,,,,,,,,,,,,,,,,,,,,,,,,,,FALSE,,,Suspected,,,,,,,,,,,,,,,FALSE,FALSE,,TRUE,,,,Suspected,,Suspected,,,Suspected,,,Suspected,,,,,,,Observed,,,,,,Projected,,,,,,,,,,,,,,,,,,,No,,,,Suspected,,,,,,TRUE,,,,,,,,,,,FALSE,,,59797
,,,,Suspected,,,,,,,,,,,,,,,,,,,,20000-1000000,,,,,,,,,,,,,,,,,,,,,,,,,,Suspected,,,,,,,,,,,,,,,,,,,,,,,,,,,,,FALSE,,,Suspected,,,,,,,,,,,,,,,FALSE,FALSE,,TRUE,,,,Suspected,,Suspected,,,Suspected,,,Suspected,,,,,,,Observed,,,,,,Projected,,,,,,,,,,,,,,,,,,,No,,,,Suspected,,,,,,FALSE,,,,,,,,,,,FALSE,,,59755
,2000-1000000,,,Suspected,,,,,,,,,,,,,,,,,,,,20000-1000000,,,,,,,,,,,,,,,,,,,,,,,,,,Suspected,,,,,,,,,,,,,,,,,,,,,,,,,,,,,FALSE,,,Suspected,,,,,,,,,,,,,,,FALSE,FALSE,,TRUE,,,,Suspected,,Suspected,,,Suspected,,,Suspected,,,,,,,Observed,,,,,,Projected,,,,,,,,,,,,,,,,,,,No,,,,Suspected,,,,,,TRUE,,,,,,,,,,,FALSE,,,59866
,2000-1000000,,,Suspected,,,,,,,,,,,,,,,,,,,,20000-1000000,,,,,,,,,,,,,,,,,,,,,,,,,,Suspected,,,,,,,,,,,,,,,,,,,,,,,,,,,,,FALSE,,,Suspected,,,,,,,,,,,,,,,TRUE,FALSE,,TRUE,,,,Suspected,,Suspected,,,Suspected,,,Suspected,,,,,,,Observed,,,,,,Projected,,,,,,,,,,,,,,,,,,,No,,,,Suspected,,,,,,FALSE,,,,,,,,,,,FALSE,,,59800
,,,,Suspected,,,,,,,,,,,,,,,,,,,,20000-1000000,,,,,,,,,,,,,,,,,,,,,,,,,,Suspected,,,,,,,,,,,,,,,,,,,,,,,,,,,,,FALSE,,,Suspected,,,,,,,,,,,,,,,FALSE,FALSE,,TRUE,,,,Suspected,,Suspected,,,Suspected,,,Suspected,,,,,,,Observed,,,,,,Projected,,,,,,,,,,,,,,,,,,,No,,,,Suspected,,,,,,TRUE,,,,,,,,,,,FALSE,,,59801
,2000-1000000,,,Suspected,,,,,,,,,,,,,,,,,,,,20000-1000000,,,,,,,,,,,,,,,,,,,,,,,,,,Suspected,,,,,,,,,,,Yes,,,,,Migrated from Conservation Measures 4.4.2 Habitat and Site-based actions -> Protected Areas->Establishment: in-place,"Yes, over entire range",,,,,,,,,,,,FALSE,,,Suspected,,,,,,,,,,,,,,,TRUE,FALSE,,TRUE,,,,Suspected,,Suspected,,,Suspected,,,Suspected,,,,,,,Observed,,,,,,Projected,,,,,,,,,,,,,,,,,,,No,,,,Suspected,,,,,,FALSE,,,,,,,,,,,FALSE,,,59871
,,,,Suspected,,,,,,,,,,,,,,,,,,,,,,,,,,,,,,,,,,,,,,,,,,,,,,Suspected,,,,,,,,,,,,,,,,,,,,,,,,,,,,,FALSE,,,Suspected,,,,,,,,,,,,,,,FALSE,FALSE,,TRUE,,,,Suspected,,Suspected,,,Suspected,,,Suspected,,,,,,,Observed,,,,,,Projected,,,,,,,,,,,,,,,,,,,No,,,,Suspected,,,,,,TRUE,,,,,,,,,,,FALSE,,,59805
,2000-1000000,,,Suspected,,,,,,,,,,,,,,,,,,,,20000-1000000,,,,,,,,,,,,,,,,,,,,,,,,,,Suspected,,,,,,,,,,,,,,,,,,,,,,,,,,,,,FALSE,,,Suspected,,,,,,,,,,,,,,,FALSE,FALSE,,TRUE,,,,Suspected,,Suspected,,,Suspected,,,Suspected,,,,,,,Observed,,,,,,Projected,,,,,,,,,,,,,,,,,,,No,,,,Suspected,,,,,,TRUE,,,,,,,,,,,FALSE,,,59809
,2000-1000000,,,Suspected,,,,,,,,,,,,,,,,,,,,20000-1000000,,,,,,,,,,,,,,,,,,,,,,,,,,Suspected,,,,,,,,,,,,,,,,,,,,,,,,,,,,,FALSE,,,Suspected,,,,,,,,,,,,,Full Migrant,,TRUE,FALSE,,TRUE,,,,Suspected,,Suspected,,,Suspected,,,Suspected,,,,,,,Observed,,,,,,Projected,,,,,,,,,,,,,,,,,,,No,,,,Suspected,,,,,,FALSE,,,,,,,,,,,FALSE,,,59811
,2000-1000000,,,,,,,,,,,,,,,,,,,,,,,20000-1000000,,,,,,,,,,,,,,,,,,,,,,,,,,Suspected,,,,,,,,,,,,,,,,,,,,,,,,,,,,,FALSE,,,,,,,,,,,,,,,,,,TRUE,FALSE,,TRUE,,,,Suspected,,Suspected,,,Suspected,,,Suspected,,,,,,,Observed,,,,,,Projected,,,,,,,,,,,,,,,,,,,No,,,,Suspected,,,,,,FALSE,,,,,,,,,,,FALSE,,,59812
,2000-1000000,,,Suspected,,,,,,,,,,,,,,,,,,,,20000-1000000,,,,,,,,,,,,,,,,,,,,,,,,,,Suspected,,,,,,,,,,,,,,,,,,,,,,,,,,,,,FALSE,,,Suspected,,,,,,,,,,,,,,,FALSE,FALSE,,TRUE,,,,Suspected,,Suspected,,,Suspected,,,Suspected,,,,,,,Observed,,,,,,Projected,,,,,,,,,,,,,,,,,,,No,,,,Suspected,,,,,,FALSE,,,,,,,,,,,FALSE,,,59813
,2000-1000000,,,Suspected,,,,,,,,,,,,,,,,,,,,20000-1000000,,,,,,,,,,,,,,,,,,,,,,,,,,Suspected,,,,,,,,,,,,,,,,,,,,,,,,,,,,,FALSE,,,Suspected,,,,,,,,,,,,,,,TRUE,FALSE,,TRUE,,,,Suspected,,Suspected,,,Suspected,,,Suspected,,,,,,,Observed,,,,,,Projected,,,,,,,,,,,,,,,,,,,No,,,,Suspected,,,,,,FALSE,,,,,,,,,,,FALSE,,,59814
,2000-1000000,,,Suspected,,,,,,,,,,,,,,,,,,,,20000-1000000,,,,,,,,,,,,,,,,,,,,,,,,,,Suspected,,,,,,,,,,,,,,,,,,,,,,,,,,,,,FALSE,,,Suspected,,,,,,,,,,,,,,,TRUE,FALSE,,TRUE,,,,Suspected,,Suspected,,,Suspected,,,Suspected,,,,,,,Observed,,,,,,Projected,,,,,,,,,,,,,,,,,,,No,,,,Suspected,,,,,,FALSE,,,,,,,,,,,FALSE,,,59893
,2000-1000000,,,Suspected,,,,,,,,,,,,,,,,,,,,20000-1000000,,,,,,,,,,,,,,,,,,,,,,,,,,Suspected,,,,,,,,,,,,,,,,,,,,,,,,,,,,,FALSE,,,Suspected,,,,,,,,,,,,,,,TRUE,FALSE,,TRUE,,,,Suspected,,Suspected,,,Suspected,,,Suspected,,,,,,,Observed,,,,,,Projected,,,,,,,,,,,,,,,,,,,No,,,,Suspected,,,,,,FALSE,,,,,,,,,,,FALSE,,,59894
,2000-1000000,,,Suspected,,,,,,,,,,,,,,,,,,,,20000-1000000,,,,,,,,,,,,,,,,,,,,,,,,,,Suspected,,,,,,,,,,,,,,,,,,,,,,,,,,,,,FALSE,,,Suspected,,,,,,,,,,,,,,,FALSE,FALSE,,TRUE,,,,Suspected,,Suspected,,,Suspected,,,Suspected,,,,,,,Observed,,,,,,Projected,,,,,,,,,,,,,,,,,,,No,,,,Suspected,,,,,,TRUE,,,,,,,,,,,FALSE,,,59819
,2000-1000000,,,Suspected,,,,,,,,,,,,,,,,,,,,20000-1000000,,,,,,,,,,,,,,,,,,,,,,,,,,Suspected,,,,,,,,,,,,,,,,,,,,,,,,,,,,,FALSE,,,Suspected,,,,,,,,,,,,,,,TRUE,FALSE,,TRUE,,,,Suspected,,Suspected,,,Suspected,,,Suspected,,,,,,,Observed,,,,,,Projected,,,,,,,,,,,,,,,,,,,No,,,,Suspected,,,,,,FALSE,,,,,,,,,,,FALSE,,,59897
,2000-1000000,,,Suspected,,,,,,,,,,,,,,,,,,,,20000-1000000,,,,,,,,,,,,,,,,,,,,,,,,,,Suspected,,,,,,,,,,,,,,,,,,,,,,,,,,,,,FALSE,,,Suspected,,,,,,,,,,,,,,,TRUE,FALSE,,TRUE,,,,Suspected,,Suspected,,,Suspected,,,Suspected,,,,,,,Observed,,,,,,Projected,,,,,,,,,,,,,,,,,,,No,,,,Suspected,,,,,,FALSE,,,,,,,,,,,FALSE,,,59821
,,,,Suspected,,,,,,,,,,,,,,,,,,,,20000-1000000,,,,,,,,,,,,,,,,,,,,,,,,,,Suspected,,,,,,,,,,,Yes,,,,,Migrated from Conservation Measures 4.4.2 Habitat and Site-based actions -> Protected Areas->Establishment: in-place,"Yes, over entire range",,,,,,,,,,,,FALSE,,,Suspected,,,,,,,,,,,,,,,TRUE,FALSE,,TRUE,,,,Suspected,,Suspected,,,Suspected,,,Suspected,,,,,,,Observed,,,,,,Projected,,,,,,,,,,,,,,,,,,,No,,,,Suspected,,,,,,FALSE,,,,,,,,,,,FALSE,,,59899
,2000-1000000,,,Suspected,,,,,,,,,,,,,,,,,,,,20000-1000000,,,,,,,,,,,,,,,,,,,,,,,,,,Suspected,,,,,,,,,,,,,,,,,,,,,,,,,,,,,FALSE,,,Suspected,,,,,,,,,,,,,,,TRUE,FALSE,,TRUE,,,,Suspected,,Suspected,,,Suspected,,,Suspected,,,,,,,Observed,,,,,,Projected,,,,,,,,,,,,,,,,,,,No,,,,Suspected,,,,,,FALSE,,,Yes,,No,,,Yes,,Yes,FALSE,,,59822
,,,,Suspected,,,,,,,,,,,,,,,,,,,,20000-1000000,,,,,,,,,,,,,,,,,,,,,,,,,,Suspected,,,,,,,,,,,,,,,,,,,,,,,,,,,,,FALSE,,,Suspected,,,,,,,,,,,,,,,TRUE,FALSE,,TRUE,,,,Suspected,,Suspected,,,Suspected,,,Suspected,,,,,,,Observed,,,,,,Projected,,,,,,,,,,,,,,,,,,,No,,,,Suspected,,,,,,FALSE,,,,,,,,,,,FALSE,,,59824
,2000-1000000,,,Suspected,,,,,,,,,,,,,,,,,,,,20000-1000000,,,,,,,,,,,,,,,,,,,,,,,,,,Suspected,,,,,,,,,,,,,,,,,,,,,,,,,,,,,FALSE,,,Suspected,,,,,,,,,,,,,,,TRUE,FALSE,,TRUE,,,,Suspected,,Suspected,,,Suspected,,,Suspected,,,,,,,Observed,,,,,,Projected,,,,,,,,,,,,,,,,,,,No,,,,Suspected,,,,,,FALSE,,,,,,,,,,,FALSE,,,59828
,,,,Suspected,,,,,,,,,,,,,,,,,,,,20000-1000000,,,,,,,,,,,,,,,,,,,,,,,,,,Suspected,,,,,,,,,,,,,,,,,,,,,,,,,,,,,FALSE,,,Suspected,,,,,,,,,,,,,,,TRUE,FALSE,,TRUE,,,,Suspected,,Suspected,,,Suspected,,,Suspected,,,,,,,Observed,,,,,,Projected,,,,,,,,,,,,,,,,,,,No,,,,Suspected,,,,,,FALSE,,,,,,,,,,,FALSE,,,59833
,,,,Suspected,,,,,,,,,,,,,,,,,,,,,,,,,,,,,,,,,,,,,,,,,,,,,,Suspected,,,,,,,,,,,,,,,,,,,,,,,,,,,,,FALSE,,,Suspected,,,,,,,,,,,,,,,FALSE,FALSE,,TRUE,,,,Suspected,,Suspected,,,Suspected,,,Suspected,,,,,,,Observed,,,,,,Projected,,,,,,,,,,,,,,,,,,,No,,,,Suspected,,,,,,TRUE,,,,,,,,,,,FALSE,,,59835
,,,,Suspected,,,,,,,,,,,,,,,,,,,,20000-1000000,,,,,,,,,,,,,,,,,,,,,,,,,,Suspected,,,,,,,,,,,,,,,,,,,,,,,,,,,,,FALSE,,,Suspected,,,,,,,,,,,,,,,FALSE,FALSE,,TRUE,,,,Suspected,,Suspected,,,Suspected,,,Suspected,,,,,,,Observed,,,,,,Projected,,,,,,,,,,,,,,,,,,,No,,,,Suspected,,,,,,FALSE,,,,,,,,,,,FALSE,,,59845
,2000-1000000,,,Suspected,,,,,,,,,,,,,,,,,,,,20000-1000000,,,,,,,,,,,,,,,,,,,,,,,,,,Suspected,,,,,,,,,,,,,,,,,,,,,,,,,,,,,FALSE,,,Suspected,,,,,,,,,,,,,,,FALSE,FALSE,,TRUE,,,,Suspected,,Suspected,,,Suspected,,,Suspected,,,,,,,Observed,,,,,,Projected,,,,,,,,,,,,,,,,,,,No,,,,Suspected,,,,,,FALSE,,,,,,,,,,,FALSE,,,59856
,,,,Suspected,,,,,,,,,,,,,,,,,,,,,,,,,,,,,,,,,,,,,,,,,,,,,,Suspected,,,,,,,,,,,,,,,,,,,,,,,,,,,,,FALSE,,,Suspected,,,,,,,,,,,,,,,FALSE,FALSE,,TRUE,,,,Suspected,,Suspected,,,Suspected,,,Suspected,,,,,,,Observed,,,,,,Projected,,,,,,,,,,,,,,,,,,,No,,,,Suspected,,,,,,TRUE,,,,,,,,,,,FALSE,,,59858
,2000-1000000,,,Suspected,,,,,,,,,,,,,,,,,,,,20000-1000000,,,,,,,,,,,,,,,,,,,,,,,,,,Suspected,,,,,,,,,,,,,,,,,,,,,,,,,,,,,FALSE,,,Suspected,,,,,,,,,,,,,,,TRUE,FALSE,,TRUE,,,,Suspected,,Suspected,,,Suspected,,,Suspected,,,,,,,Observed,,,,,,Projected,,,,,,,,,,,,,,,,,,,No,,,,Suspected,,,,,,FALSE,,,,,,,,,,,FALSE,,,59859
,2000-1000000,,,Suspected,,,,,,,,,,,,,,,,,,,,20000-1000000,,,,,,,,,,,,,,,,,,,,,,,,,,Suspected,,,,,,,,,,,,,,,,,,,,,,,,,,,,,FALSE,,,Suspected,,,,,,,,,,,,,,,FALSE,FALSE,,TRUE,,,,Suspected,,Suspected,,,Suspected,,,Suspected,,,,,,,Observed,,,,,,Projected,,,,,,,,,,,,,,,,,,,No,,,,Suspected,,,,,,FALSE,,,,,,,,,,,FALSE,,,59860
,2000-1000000,,,Suspected,,,,,,,,,,,,,,,,,,,,20000-1000000,,,,,,,,,,,,,,,,,,,,,,,,,,Suspected,,,,,,,,,,,,,,,,,,,,,,,,,,,,,FALSE,,,Suspected,,,,,,,,,,,,,,,TRUE,FALSE,,TRUE,,,,Suspected,,Suspected,,,Suspected,,,Suspected,,,,,,,Observed,,,,,,Projected,,,,,,,,,,,,,,,,,,,No,,,,Suspected,,,,,,FALSE,,,,,,,,,,,FALSE,,,59864
,,,,Suspected,,,,,,,,,,,,,,,,,,,,,,,,,,,,,,,,,,,,,,,,,,,,,,Suspected,,,,,,,,,,,,,,,,,,,,,,,,,,,,,FALSE,,,Suspected,,,,,,,,,,,,,,,FALSE,FALSE,,TRUE,,,,Suspected,,Suspected,,,Suspected,,,Suspected,,,,,,,Observed,,,,,,Projected,,,,,,,,,,,,,,,,,,,No,,,,Suspected,,,,,,FALSE,,,,,,,,,,,FALSE,,,59876
,,,,Suspected,,,,,,,,,,,,,,,,,,,,200000-1000000,,,,,,,,,,,,,,,,,,,,,,,,,,Suspected,,,,,,,,,,,Yes,,,,,,,,,,,,,,,,,,FALSE,,,Suspected,,,,,,,,,,,,,,,FALSE,FALSE,,TRUE,,,,Suspected,,Suspected,,,Suspected,,,Suspected,,,,,,,Observed,,,,,,Projected,,,,,,,,,,,,,,,,,,,No,,,,Suspected,,,,,,FALSE,,,,,,,,,,,FALSE,,,59879
,2000-1000000,,,Suspected,,,,,,,,,,,,,,,,,,,,20000-1000000,,,,,,,,,,,,,,,,,,,,,,,,,,Suspected,,,,,,,,,,,,,,,,,,,,,,,,,,,,,FALSE,,,Suspected,,,,,,,,,,,,,,,FALSE,FALSE,,TRUE,,,,Suspected,,Suspected,,,Suspected,,,Suspected,,,,,,,Observed,,,,,,Projected,,,,,,,,,,,,,,,,,,,No,,,,Suspected,,,,,,FALSE,,,,,,,,,,,FALSE,,,59881
,,,,Suspected,,,,,,,,,,,,,,,,,,,,,,,,,,,,,,,,,,,,,,,,,,,,,,Suspected,,,,,,,,,,,,,,,,,,,,,,,,,,,,,FALSE,,,Suspected,,,,,,,,,,,,,,,FALSE,FALSE,,TRUE,,,,Suspected,,Suspected,,,Suspected,,,Suspected,,,,,,,Observed,,,,,,Projected,,,,,,,,,,,,,,,,,,,No,,,,Suspected,,,,,,TRUE,,,,,,,,,,,FALSE,,,59964
,,,,Suspected,,,,,,,,,,,,,,,,,,,,20000-1000000,,,,,,,,,,,,,,,,,,,,,,,,,,Suspected,,,,,,,,,,,Yes,,,,,Migrated from Conservation Measures 4.4.2 Habitat and Site-based actions -> Protected Areas->Establishment: in-place,"Yes, over entire range",,,,,,,,,,,,FALSE,,,Suspected,,,,,,,,,,,,,,,TRUE,FALSE,,TRUE,,,,Suspected,,Suspected,,,Suspected,,,Suspected,,,,,,,Observed,,,,,,Projected,,,,,,,,,,,,,,,,,,,No,,,,Suspected,,,,,,FALSE,,,,,,,,,,,FALSE,,,59900
,2000-1000000,,,Suspected,,,,,,,,,,,,,,,,,,,,20000-1000000,,,,,,,,,,,,,,,,,,,,,,,,,,Suspected,,,,,,,,,,,,,,,,,,,,,,,,,,,,,FALSE,,,Suspected,,,,,,,,,,,,,,,TRUE,FALSE,,TRUE,,,,Suspected,,Suspected,,,Suspected,,,Suspected,,,,,,,Observed,,,,,,Projected,,,,,,,,,,,,,,,,,,,No,,,,Suspected,,,,,,FALSE,,,,,,,,,,,FALSE,,,59965
,2000-1000000,,,Suspected,,,,,,,,,,,,,,,,,,,,20000-1000000,,,,,,,,,,,,,,,,,,,,,,,,,,Suspected,,,,,,,,,,,,,,,,,,,,,,,,,,,,,FALSE,,,Suspected,,,,,,,,,,,,,,,TRUE,FALSE,,TRUE,,,,Suspected,,Suspected,,,Suspected,,,Suspected,,,,,,,Observed,,,,,,Projected,,,,,,,,,,,,,,,,,,,No,,,,Suspected,,,,,,FALSE,,,,,,,,,,,FALSE,,,59902
,,,,Suspected,,,,,,,,,,,,,,,,,,,,,,,,,,,,,,,,,,,,,,,,,,,,,,Suspected,,,,,,,,,,,,,,,,,,,,,,,,,,,,,FALSE,,,Suspected,,,,,,,,,,,,,,,TRUE,FALSE,,TRUE,,,,Suspected,,Suspected,,,Suspected,,,Suspected,,,,,,,Observed,,,,,,Projected,,,,,,,,,,,,,,,,,,,No,,,,Suspected,,,,,,FALSE,,,,,,,,,,,FALSE,,,59967
,2000-1000000,,,Suspected,,,,,,,,,,,,,,,,,,,,20000-1000000,,,,,,,,,,,,,,,,,,,,,,,,,,Suspected,,,,,,,,,,,,,,,,,,,,,,,,,,,,,FALSE,,,Suspected,,,,,,,,,,,,,,,TRUE,FALSE,,TRUE,,,,Suspected,,Suspected,,,Suspected,,,Suspected,,,,,,,Observed,,,,,,Projected,,,,,,,,,,,,,,,,,,,No,,,,Suspected,,,,,,FALSE,,,,,,,,,,,FALSE,,,59968
,2000-1000000,,,Suspected,,,,,,,,,,,,,,,,,,,,20000-1000000,,,,,,,,,,,,,,,,,,,,,,,,,,Suspected,,,,,,,,,,,,,,,,,,,,,,,,,,,,,FALSE,,,Suspected,,,,,,,,,,,,,,,TRUE,FALSE,,TRUE,,,,Suspected,,Suspected,,,Suspected,,,Suspected,,,,,,,Observed,,,,,,Projected,,,,,,,,,,,,,,,,,,,No,,,,Suspected,,,,,,FALSE,,,,,,,,,,,FALSE,,,59904
,,,,Suspected,,,,,,,,,,,,,,,,,,,,,,,,,,,,,,,,,,,,,,,,,,,,,,Suspected,,,,,,,,,,,,,,,,,,,,,,,,,,,,,FALSE,,,Suspected,,,,,,,,,,,,,,,TRUE,FALSE,,TRUE,,,,Suspected,,Suspected,,,Suspected,,,Suspected,,,,,,,Observed,,,,,,Projected,,,,,,,,,,,,,,,,,,,No,,,,Suspected,,,,,,FALSE,,,,,,,,,,,FALSE,,,59905
,,,,Suspected,,,,,,,,,,,,,,,,,,,,,,,,,,,,,,,,,,,,,,,,,,,,,,Suspected,,,,,,,,,,,,,,,,,,,,,,,,,,,,,FALSE,,,Suspected,,,,,,,,,,,,,,,TRUE,FALSE,,TRUE,,,,Suspected,,Suspected,,,Suspected,,,Suspected,,,,,,,Observed,,,,,,Projected,,,,,,,,,,,,,,,,,,,No,,,,Suspected,,,,,,FALSE,,,,,,,,,,,FALSE,,,59906
,,,,Suspected,,,,,,,,,,,,,,,,,,,,20000-1000000,,,,,,,,,,,,,,,,,,,,,,,,,,Suspected,,,,,,,,,,,,,,,,,,,,,,,,,,,,,FALSE,,,Suspected,,,,,,,,,,,,,,,FALSE,FALSE,,TRUE,,,,Suspected,,Suspected,,,Suspected,,,Suspected,,,,,,,Observed,,,,,,Projected,,,,,,,,,,,,,,,,,,,No,,,,Suspected,,,,,,TRUE,,,,,,,,,,,FALSE,,,59981
,2000-1000000,,,Suspected,,,,,,,,,,,,,,,,,,,,20000-1000000,,,,,,,,,,,,,,,,,,,,,,,,,,Suspected,,,,,,,,,,,,,,,,,,,,,,,,,,,,,FALSE,,,Suspected,,,,,,,,,,,,,,,TRUE,FALSE,,TRUE,,,,Suspected,,Suspected,,,Suspected,,,Suspected,,,,,,,Observed,,,,,,Projected,,,,,,,,,,,,,,,,,,,No,,,,Suspected,,,,,,FALSE,,,,,,,,,,,FALSE,,,59907
,,,,Suspected,,,,,,,,,,,,,,,,,,,,20000-1000000,,,,,,,,,,,,,,,,,,,,,,,,,,Suspected,,,,,,,,,,,,,,,,Migrated from Conservation Measures 4.4.2 Habitat and Site-based actions -> Protected Areas->Establishment: in-place,"Yes, over entire range",,,,,,,,,,,,FALSE,,,Suspected,,,,,,,,,,,,,,,FALSE,FALSE,,TRUE,,,,Suspected,,Suspected,,,Suspected,,,Suspected,,,,,,,Observed,,,,,,Projected,,,,,,,,,,,,,,,,,,,No,,,,Suspected,,,,,,FALSE,,,,,,,,,,,FALSE,,,59908
,2000-1000000,,,Suspected,,,,,,,,,,,,,,,,,,,,20000-1000000,,,,,,,,,,,,,,,,,,,,,,,,,,Suspected,,,,,,,,,,,,,,,,,,,,,,,,,,,,,FALSE,,,Suspected,,,,,,,,,,,,,,,FALSE,FALSE,,TRUE,,,,Suspected,,Suspected,,,Suspected,,,Suspected,,,,,,,Observed,,,,,,Projected,,,,,,,,,,,,,,,,,,,No,,,,Suspected,,,,,,FALSE,,,,,,,,,,,FALSE,,,59983
,,,,Suspected,,,,,,,,,,,,,,,,,,,,20000-1000000,,,,,,,,,,,,,,,,,,,,,,,,,,Suspected,,,,,,,,,,,,,,,,,,,,,,,,,,,,,FALSE,,,Suspected,,,,,,,,,,,,,,,FALSE,FALSE,,TRUE,,,,Suspected,,Suspected,,,Suspected,,,Suspected,,,,,,,Observed,,,,,,Projected,,,,,,,,,,,,,,,,,,,No,,,,Suspected,,,,,,TRUE,,,,,,,,,,,FALSE,,,59986
,2000-1000000,,,Suspected,,,,,,,,,,,,,,,,,,,,20000-1000000,,,,,,,,,,,,,,,,,,,,,,,,,,Suspected,,,,,,,,,,,,,,,,,,,,,,,,,,,,,FALSE,,,Suspected,,,,,,,,,,,,,,,FALSE,FALSE,,TRUE,,,,Suspected,,Suspected,,,Suspected,,,Suspected,,,,,,,Observed,,,,,,Projected,,,,,,,,,,,,,,,,,,,No,,,,Suspected,,,,,,TRUE,,,,,,,,,,,FALSE,,,59912
,,,,Suspected,,,,,,,,,,,,,,,,,,,,20000-1000000,,,,,,,,,,,,,,,,,,,,,,,,,,Suspected,,,,,,,,,,,,,,,,,,,,,,,,,,,,,FALSE,,,Suspected,,,,,,,,,,,,,,,FALSE,FALSE,,TRUE,,,,Suspected,,Suspected,,,Suspected,,,Suspected,,,,,,,Observed,,,,,,Projected,,,,,,,,,,,,,,,,,,,No,,,,Suspected,,,,,,FALSE,,,,,,,,,,,FALSE,,,59995
,2000-1000000,,,Suspected,,,,,,,,,,,,,,,,,,,,20000-1000000,,,,,,No,,,,,,,,,,,,No,,,,,,,,Suspected,,,,,,,,,,,,,,,,,,,,,,,,,,,,No,FALSE,,,Suspected,,,,,,,,,,,,,,,TRUE,FALSE,,TRUE,No,,,Suspected,,Suspected,,,Suspected,,,Suspected,,,,,,,Observed,,,,,,Projected,,,,,,,,,,,,,,,,,,,No,,,,Suspected,,,,,,FALSE,,,,,,,,,,,FALSE,No,,59921
,2000-1000000,,,,,,,,,,,,,,,,,,,,,,,20000-1000000,,,,,,,,,,,,,,,,,,,,,,,,,,Suspected,,,,,,,,,,,,,,,,,,,,,,,,,,,,,FALSE,,,,,,,,,,,,,,,,,,TRUE,FALSE,,FALSE,,,,Suspected,,Suspected,,,Suspected,,,Suspected,,,,,,,Observed,,,,,,Projected,,,,,,,,,,,,,,,,,,,No,,,,Suspected,,,,,,FALSE,,,,,,,,,,,TRUE,,,59997
,,,,Suspected,,,,,,,,,,,,,,,,,,,,,,,,,,,,,,,,,,,,,,,,,,,,,,Suspected,,,,,,,,,,,,,,,,,,,,,,,,,,,,,FALSE,,,Suspected,,,,,,,,,,,,,,,FALSE,FALSE,,TRUE,,,,Suspected,,Suspected,,,Suspected,,,Suspected,,,,,,,Observed,,,,,,Projected,,,,,,,,,,,,,,,,,,,No,,,,Suspected,,,,,,TRUE,,,,,,,,,,,FALSE,,,59926
,,,,Suspected,,,,,,,,,,,,,,,,,,,,20000-1000000,,,,,,,,,,,,,,,,,,,,,,,,,,Suspected,,,,,,,,,,,,,,,,,,,,,,,,,,,,,FALSE,,,Suspected,,,,,,,,,,,,,,,TRUE,FALSE,,TRUE,,,,Suspected,,Suspected,,,Suspected,,,Suspected,,,,,,,Observed,,,,,,Projected,,,,,,,,,,,,,,,,,,,No,,,,Suspected,,,,,,FALSE,,,,,,,,,,,FALSE,,,59937
,2000-1000000,,,Suspected,,,,,,,,,,,,,,,,,,,,20000-1000000,,,,,,,,,,,,,,,,,,,,,,,,,,Suspected,,,,,,,,,,,,,,,,,,,,,,,,,,,,,FALSE,,,Suspected,,,,,,,,,,,,,,,FALSE,FALSE,,TRUE,,,,Suspected,,Suspected,,,Suspected,,,Suspected,,,,,,,Observed,,,,,,Projected,,,,,,,,,,,,,,,,,,,No,,,,Suspected,,,,,,TRUE,,,,,,,,,,,FALSE,,,59941
,2000-1000000,,,Suspected,,,,,,,,,,,,,,,,,,,,20000-1000000,,,,,,,,,,,,,,,,,,,,,,,,,,Suspected,,,,,,,,,,,,,,,,,,,,,,,,,,,,,FALSE,,,Suspected,,,,,,,,,,,,,,,FALSE,FALSE,,TRUE,,,,Suspected,,Suspected,,,Suspected,,,Suspected,,,,,,,Observed,,,,,,Projected,,,,,,,,,,,,,,,,,,,No,,,,Suspected,,,,,,TRUE,,,,,,,,,,,FALSE,,,59942
,2000-1000000,,,Suspected,,,,,,,,,,,,,,,,,,,,20000-10000000,,,,,,,,,,,,,,,,,,,,,,,,,,Suspected,,,,,,,,,,,,,,,,,,,,,,,,,,,,,FALSE,,,Suspected,,,,,,,,,,,,,,,FALSE,FALSE,,TRUE,,,,Suspected,,Suspected,,,Suspected,,,Suspected,,,,,,,Observed,,,,,,Projected,,,,,,,,,,,,,,,,,,,No,,,,Suspected,,,,,,TRUE,,,,,,,,,,,FALSE,,,59948
,2000-1000000,,,Suspected,,,,,,,,,,,,,,,,,,,,20000-1000000,,,,,,,,,,,,,,,,,,,,,,,,,,Suspected,,,,,,,,,,,,,,,,,,,,,,,,,,,,,FALSE,,,Suspected,,,,,,,,,,,,,,,TRUE,FALSE,,TRUE,,,,Suspected,,Suspected,,,Suspected,,,Suspected,,,,,,,Observed,,,,,,Projected,,,,,,,,,,,,,,,,,,,No,,,,Suspected,,,,,,FALSE,,,,,,,,,,,FALSE,,,59951
,,,,Suspected,,,,,,,,,,,,,,,,,,,,20000-1000000,,,,,,,,,,,,,,,,,,,,,,,,,,Suspected,,,,,,,,,,,,,,,,,,,,,,,,,,,,,FALSE,,,Suspected,,,,,,,,,,,,,,,FALSE,FALSE,,TRUE,,,,Suspected,,Suspected,,,Suspected,,,Suspected,,,,,,,Observed,,,,,,Projected,,,,,,,,,,,,,,,,,,,No,,,,Suspected,,,,,,TRUE,,,,,,,,,,,FALSE,,,59952
,2000-1000000,,,Suspected,,,,,,,,,,,,,,,,,,,,20000-1000000,,,,,,,,,,,,,,,,,,,,,,,,,,Suspected,,,,,,,,,,,,,,,,,,,,,,,,,,,,,FALSE,,,Suspected,,,,,,,,,,,,,,,TRUE,FALSE,,TRUE,,,,Suspected,,Suspected,,,Suspected,,,Suspected,,,,,,,Observed,,,,,,Projected,,,,,,,,,,,,,,,,,,,No,,,,Suspected,,,,,,FALSE,,,,,,,,,,,FALSE,,,59954
,,,,Suspected,,,,,,,,,,,,,,,,,,,,,,,,,,,,,,,,,,,,,,,,,,,,,,Suspected,,,,,,,,,,,,,,,,,,,,,,,,,,,,,FALSE,,,Suspected,,,,,,,,,,,,,,,FALSE,FALSE,,TRUE,,,,Suspected,,Suspected,,,Suspected,,,Suspected,,,,,,,Observed,,,,,,Projected,,,,,,,,,,,,,,,,,,,No,,,,Suspected,,,,,,TRUE,,,,,,,,,,,FALSE,,,59955
,,,,Suspected,,,,,,,,,,,,,,,,,,,,,,,,,,,,,,,,,,,,,,,,,,,,,,Suspected,,,,,,,,,,,,,,,,,,,,,,,,,,,,,FALSE,,,Suspected,,,,,,,,,,,,,,,FALSE,FALSE,,TRUE,,,,Suspected,,Suspected,,,Suspected,,,Suspected,,,,,,,Observed,,,,,,Projected,,,,,,,,,,,,,,,,,,,No,,,,Suspected,,,,,,TRUE,,,,,,,,,,,FALSE,,,59956
,,,,Suspected,,,,,,,,,,,,,,,,,,,,,,,,,,,,,,,,,,,,,,,,,,,,,,Suspected,,,,,,,,,,,,,,,,,,,,,,,,,,,,,FALSE,,,Suspected,,,,,,,,,,,,,,,FALSE,FALSE,,TRUE,,,,Suspected,,Suspected,,,Suspected,,,Suspected,,,,,,,Observed,,,,,,Projected,,,,,,,,,,,,,,,,,,,No,,,,Suspected,,,,,,TRUE,,,,,,,,,,,FALSE,,,59957
,,,,Suspected,,,,,,,,,,,,,,,,,,,,,,,,,,,,,,,,,,,,,,,,,,,,,,Suspected,,,,,,,,,,,,,,,,,,,,,,,,,,,,,FALSE,,,Suspected,,,,,,,,,,,,,,,FALSE,FALSE,,TRUE,,,,Suspected,,Suspected,,,Suspected,,,Suspected,,,,,,,Observed,,,,,,Projected,,,,,,,,,,,,,,,,,,,No,,,,Suspected,,,,,,FALSE,,,,,,,,,,,FALSE,,,59958
,,,,Suspected,,,,,,,,,,,,,,,,,,,,,,,,,,,,,,,,,,,,,,,,,,,,,,Suspected,,,,,,,,,,,,,,,,,,,,,,,,,,,,,FALSE,,,Suspected,,,,,,,,,,,,,,,FALSE,FALSE,,TRUE,,,,Suspected,,Suspected,,,Suspected,,,Suspected,,,,,,,Observed,,,,,,Projected,,,,,,,,,,,,,,,,,,,No,,,,Suspected,,,,,,TRUE,,,,,,,,,,,FALSE,,,59959
,,,,Suspected,,,,,,,,,,,,,,,,,,,,,,,,,,,,,,,,,,,,,,,,,,,,,,Suspected,,,,,,,,,,,,,,,,,,,,,,,,,,,,,FALSE,,,Suspected,,,,,,,,,,,,,,,FALSE,FALSE,,TRUE,,,,Suspected,,Suspected,,,Suspected,,,Suspected,,,,,,,Observed,,,,,,Projected,,,,,,,,,,,,,,,,,,,No,,,,Suspected,,,,,,TRUE,,,,,,,,,,,FALSE,,,59962
,2000-1000000,,,Suspected,,,,,,,,,,,,,,,,,,,,20000-1000000,,,,,,,,,,,,,,,,,,,,,,,,,,Suspected,,,,,,,,,,,,,,,,,,,,,,,,,,,,,FALSE,,,Suspected,,,,,,,,,,,,,,,FALSE,FALSE,,TRUE,,,,Suspected,,Suspected,,,Suspected,,,Suspected,,,,,,,Observed,,,,,,Projected,,,,,,,,,,,,,,,,,,,No,,,,Suspected,,,,,,TRUE,,,,,,,,,,,FALSE,,,59969
,,,,Suspected,,,,,,,,,,,,,,,,,,,,20000-1000000,,,,,,,,,,,,,,,,,,,,,,,,,,Suspected,,,,,,,,,,,,,,,,,,,,,,,,,,,,,FALSE,,,Suspected,,,,,,,,,,,,,,,TRUE,FALSE,,TRUE,,,,Suspected,,Suspected,,,Suspected,,,Suspected,,,,,,,Observed,,,,,,Projected,,,,,,,,,,,,,,,,,,,No,,,,Suspected,,,,,,FALSE,,,,,,,,,,,FALSE,,,59970
,2000-1000000,,,Suspected,,,,,,,,,,,,,,,,,,,,20000-1000000,,,,,,,,,,,,,,,,,,,,,,,,,,Suspected,,,,,,,,,,,,,,,,,,,,,,,,,,,,,FALSE,,,Suspected,,,,,,,,,,,,,Full Migrant,,TRUE,FALSE,,TRUE,,,,Suspected,,Suspected,,,Suspected,,,Suspected,,,,,,,Observed,,,,,,Projected,,,,,,,,,,,,,,,,,,,No,,,,Suspected,,,,,,FALSE,,,,,,,,,,,FALSE,,,59971
,2000-1000000,,,Suspected,,,,,,,,,,,,,,,,,,,,20000-1000000,,,,,,,,,,,,,,,,,,,,,,,,,,Suspected,,,,,,,,,,,Yes,,,,,Migrated from Conservation Measures 4.4.2 Habitat and Site-based actions -> Protected Areas->Establishment: in-place,"Yes, over entire range",,,,,,,,,,,,FALSE,,,Suspected,,,,,,,,,,,,,,,TRUE,FALSE,,TRUE,,,,Suspected,,Suspected,,,Suspected,,,Suspected,,,,,,,Observed,,,,,,Projected,,,,,,,,,,,,,,,,,,,No,,,,Suspected,,,,,,FALSE,,,,,,,,,,,FALSE,,,59974
,2000-1000000,,,Suspected,,,,,,,,,,,,,,,,,,,,20000-1000000,,,,,,,,,,,,,,,,,,,,,,,,,,Suspected,,,,,,,,,,,,,,,,,,,,,,,,,,,,,FALSE,,,Suspected,,,,,,,,,,,,,,,TRUE,FALSE,,TRUE,,,,Suspected,,Suspected,,,Suspected,,,Suspected,,,,,,,Observed,,,,,,Projected,,,,,,,,,,,,,,,,,,,No,,,,Suspected,,,,,,FALSE,,,,,,,,,,,FALSE,,,59975
,2000-1000000,,,Suspected,,,,,,,,,,,,,,,,,,,,20000-1000000,,,,,,,,,,,,,,,,,,,,,,,,,,Suspected,,,,,,,,,,,,,,,,,,,,,,,,,,,,,FALSE,,,Suspected,,,,,,,,,,,,,,,TRUE,FALSE,,TRUE,,,,Suspected,,Suspected,,,Suspected,,,Suspected,,,,,,,Observed,,,,,,Projected,,,,,,,,,,,,,,,,,,,No,,,,Suspected,,,,,,FALSE,,,,,,,,,,,FALSE,,,59976
,,,,Suspected,,,,,,,,,,,,,,,,,,,,,,,,,,,,,,,,,,,,,,,,,,,,,,Suspected,,,,,,,,,,,,,,,,,,,,,,,,,,,,,FALSE,,,Suspected,,,,,,,,,,,,,,,FALSE,FALSE,,TRUE,,,,Suspected,,Suspected,,,Suspected,,,Suspected,,,,,,,Observed,,,,,,Projected,,,,,,,,,,,,,,,,,,,No,,,,Suspected,,,,,,TRUE,,,,,,,,,,,FALSE,,,59978
,2000-1000000,,,Suspected,,,,,,,,,,,,,,,,,,,,20000-1000000,,,,,,,,,,,,,,,,,,,,,,,,,,Suspected,,,,,,,,,,,,,,,,,,,,,,,,,,,,,FALSE,,,Suspected,,,,,,,,,,,,,,,FALSE,FALSE,,TRUE,,,,Suspected,,Suspected,,,Suspected,,,Suspected,,,,,,,Observed,,,,,,Projected,,,,,,,,,,,,,,,,,,,No,,,,Suspected,,,,,,TRUE,,,,,,,,,,,FALSE,,,60060
,2000-1000000,,,Suspected,,,,,,,,,,,,,,,,,,,,20000-1000000,,,,,,,,,,,,,,,,,,,,,,,,,,Suspected,,,,,,,,,,,,,,,,,,,,,,,,,,,,,FALSE,,,Suspected,,,,,,,,,,,,,,,TRUE,FALSE,,TRUE,,,,Suspected,,Suspected,,,Suspected,,,Suspected,,,,,,,Observed,,,,,,Projected,,,,,,,,,,,,,,,,,,,No,,,,Suspected,,,,,,FALSE,,,,,,,,,,,FALSE,,,60062
,2000-1000000,,,Suspected,,,,,,,,,,,,,,,,,,,,20000-1000000,,,,,,,,,,,,,,,,,,,,,,,,,,Suspected,,,,,,,,,,,,,,,,,,,,,,,,,,,,,FALSE,,,Suspected,,,,,,,,,,,,,,,FALSE,FALSE,,TRUE,,,,Suspected,,Suspected,,,Suspected,,,Suspected,,,,,,,Observed,,,,,,Projected,,,,,,,,,,,,,,,,,,,No,,,,Suspected,,,,,,FALSE,,,,,,,,,,,FALSE,,,60005
,,,,Suspected,,,,,,,,,,,,,,,,,,,,,,,,,,,,,,,,,,,,,,,,,,,,,,Suspected,,,,,,,,,,,,,,,,,,,,,,,,,,,,,FALSE,,,Suspected,,,,,,,,,,,,,,,TRUE,FALSE,,TRUE,,,,Suspected,,Suspected,,,Suspected,,,Suspected,,,,,,,Observed,,,,,,Projected,,,,,,,,,,,,,,,,,,,No,,,,Suspected,,,,,,FALSE,,,,,,,,,,,FALSE,,,60076
,2000-1000000,,,Suspected,,,,,,,,,,,,,,,,,,,,20000-1000000,,,,,,,,,,,,,,,,,,,,,,,,,,Suspected,,,,,,,,,,,,,,,,,,,,,,,,,,,,,FALSE,,,Suspected,,,,,,,,,,,,,,,TRUE,FALSE,,TRUE,,,,Suspected,,Suspected,,,Suspected,,,Suspected,,,,,,,Observed,,,,,,Projected,,,,,,,,,,,,,,,,,,,No,,,,Suspected,,,,,,FALSE,,,,,,,,,,,FALSE,,,60078
,,,,Suspected,,,,,,,,,,,,,,,,,,,,,,,,,,,,,,,,,,,,,,,,,,,,,,Suspected,,,,,,,,,,,,,,,,,,,,,,,,,,,,,FALSE,,,Suspected,,,,,,,,,,,,,,,FALSE,FALSE,,TRUE,,,,Suspected,,Suspected,,,Suspected,,,Suspected,,,,,,,Observed,,,,,,Projected,,,,,,,,,,,,,,,,,,,No,,,,Suspected,,,,,,TRUE,,,,,,,,,,,FALSE,,,60079
,2000-1000000,,,Suspected,,,,,,,,,,,,,,,,,,,,20000-1000000,,,,,,,,,,,,,,,,,,,,,,,,,,Suspected,,,,,,,,,,,,,,,,,,,,,,,,,,,,,FALSE,,,Suspected,,,,,,,,,,,,,,,TRUE,FALSE,,TRUE,,,,Suspected,,Suspected,,,Suspected,,,Suspected,,,,,,,Observed,,,,,,Projected,,,,,,,,,,,,,,,,,,,No,,,,Suspected,,,,,,FALSE,,,,,,,,,,,FALSE,,,60010
,,,,Suspected,,,,,,,,,,,,,,,,,,,,20000-1000000,,,,,,,,,,,,,,,,,,,,,,,,,,Suspected,,,,,,,,,,,,,,,,,,,,,,,,,,,,,FALSE,,,Suspected,,,,,,,,,,,,,,,FALSE,FALSE,,TRUE,,,,Suspected,,Suspected,,,Suspected,,,Suspected,,,,,,,Observed,,,,,,Projected,,,,,,,,,,,,,,,,,,,No,,,,Suspected,,,,,,FALSE,,,,,,,,,,,FALSE,,,60011
,2000-1000000,,,Suspected,,,,,,,,,,,,,,,,,,,,20000-1000000,,,,,,,,,,,,,,,,,,,,,,,,,,Suspected,,,,,,,,,,,Yes,,,,,Migrated from Conservation Measures 4.4.2 Habitat and Site-based actions -> Protected Areas->Establishment: in-place,"Yes, over entire range",,,,,,,,,,,,FALSE,,,Suspected,,,,,,,,,,,,,,,TRUE,FALSE,,TRUE,,,,Suspected,,Suspected,,,Suspected,,,Suspected,,,,,,,Observed,,,,,,Projected,,,,,,,,,,,,,,,,,,,No,,,,Suspected,,,,,,FALSE,,,,,,,,,,,FALSE,,,60013
,,,,Suspected,,,,,,,,,,,,,,,,,,,,20000-1000000,,,,,,,,,,,,,,,,,,,,,,,,,,Suspected,,,,,,,,,,,,,,,,,,,,,,,,,,,,,FALSE,,,Suspected,,,,,,,,,,,,,,,FALSE,FALSE,,TRUE,,,,Suspected,,Suspected,,,Suspected,,,Suspected,,,,,,,Observed,,,,,,Projected,,,,,,,,,,,,,,,,,,,No,,,,Suspected,,,,,,TRUE,,,,,,,,,,,FALSE,,,60014
,,,,Suspected,,,,,,,,,,,,,,,,,,,,,,,,,,,,,,,,,,,,,,,,,,,,,,Suspected,,,,,,,,,,,,,,,,,,,,,,,,,,,,,FALSE,,,Suspected,,,,,,,,,,,,,,,FALSE,FALSE,,TRUE,,,,Suspected,,Suspected,,,Suspected,,,Suspected,,,,,,,Observed,,,,,,Projected,,,,,,,,,,,,,,,,,,,No,,,,Suspected,,,,,,TRUE,,,,,,,,,,,FALSE,,,60015
,2000-20000,,,Suspected,,,,,,,,,,,,,,,,,,,,20000-1000000,,,,,,,,,,,,,,,,,,,,,,,,,,Suspected,,,,,,,,,,,,,,,,,,,,,,,,,,,,,FALSE,,,Suspected,,,,,,,,,,,,,,,FALSE,FALSE,,TRUE,,,,Suspected,,Suspected,,,Suspected,,,Suspected,,,,,,,Observed,,,,,,Projected,,,,,,,,,,,,,,,,,,,No,,,,Suspected,,,,,,TRUE,,,,,,,,,,,FALSE,,,60018
,,,,,,,,,,,,,,,,,,,,,,,,20000-1000000,,,,,,,,,,,,,,,,,,,,,,,,,,Suspected,,,,,,,,,,,,,,,,,,,,,,,,,,,,,FALSE,,,,,,,,,,,,,,,,,,TRUE,FALSE,,TRUE,,,,Suspected,,Suspected,,,Suspected,,,Suspected,,,,,,,Observed,,,,,,Projected,,,,,,,,,,,,,,,,,,,No,,,,Suspected,,,,,,FALSE,,,,,,,,,,,FALSE,,,60019
,2000-1000000,,,Suspected,,,,,,,,,,,,,,,,,,,,20000-1000000,,,,,,,,1800,,,,,,,,,,,,,,,,,,Suspected,,,,,,,,,,,,,,,,,,,,,,,,,,,,,FALSE,,,Suspected,,,,,,,,,,,,,,,FALSE,FALSE,,TRUE,,,,Suspected,,Suspected,,,Suspected,,,Suspected,,,,,,,Observed,,,,,,Projected,,,,,,,,,,,,,,,,,,,No,,,,Suspected,,,,,,TRUE,,,,,,,,,,,FALSE,,,60022
,2000-1000000,,,Suspected,,,,,,,,,,,,,,,,,,,,20000-1000000,,,,,,,,,,,,,,,,,,,,,,,,,,Suspected,,,,,,,,,,,,,,,,,,,,,,,,,,,,,FALSE,,,Suspected,,,,,,,,,,,,,,,TRUE,FALSE,,TRUE,,,,Suspected,,Suspected,,,Suspected,,,Suspected,,,,,,,Observed,,,,,,Projected,,,,,,,,,,,,,,,,,,,No,,,,Suspected,,,,,,FALSE,,,,,,,,,,,FALSE,,,60025
,2000-1000000,,,Suspected,,,,,,,,,,,,,,,,,,,,20000-1000000,,,,,,,,,,,,,,,,,,,,,,,,,,Suspected,,,,,,,,,,,,,,,,,,,,,,,,,,,,,FALSE,,,Suspected,,,,,,,,,,,,,,,FALSE,FALSE,,TRUE,,,,Suspected,,Suspected,,,Suspected,,,Suspected,,,,,,,Observed,,,,,,Projected,,,,,,,,,,,,,,,,,,,No,,,,Suspected,,,,,,TRUE,,,,,,,,,,,FALSE,,,60030
,,,,Suspected,,,,,,,,,,,,,,,,,,,,20000-1000000,,,,,,,,,,,,,,,,,,,,,,,,,,Suspected,,,,,,,,,,,,,,,,Migrated from Conservation Measures 4.4.2 Habitat and Site-based actions -> Protected Areas->Establishment: in-place,"Yes, over entire range",,,,,,,,,,,,FALSE,,,Suspected,,,,,,,,,,,,,,,FALSE,FALSE,,TRUE,,,,Suspected,,Suspected,,,Suspected,,,Suspected,,,,,,,Observed,,,,,,Projected,,,,,,,,,,,,,,,,,,,No,,,,Suspected,,,,,,TRUE,,,,,,,,,,,FALSE,,,60031
,,,,Suspected,,,,,,,,,,,,,,,,,,,,20000-1000000,,,,,,,,,,,,,,,,,,,,,,,,,,Suspected,,,,,,,,,,,,,,,,,,,,,,,,,,,,,FALSE,,,Suspected,,,,,,,,,,,,,,,FALSE,FALSE,,TRUE,,,,Suspected,,Suspected,,,Suspected,,,Suspected,,,,,,,Observed,,,,,,Projected,,,,,,,,,,,,,,,,,,,No,,,,Suspected,,,,,,TRUE,,,,,,,,,,,FALSE,,,60032
,2000-1000000,,,,,,,,,,,,,,,,,,,,,,,20000-1000000,,,,,,,,,,,,,,,,,,,,,,,,,,Suspected,,,,,,,,,,,,,,,,,,,,,,,,,,,,,FALSE,,,,,,,,,,,,,,,,,,FALSE,FALSE,,TRUE,,,,Suspected,,Suspected,,,Suspected,,,Suspected,,,,,,,Observed,,,,,,Projected,,,,,,,,,,,,,,,,,,,No,,,,Suspected,,,,,,TRUE,,,Yes,,No,,,Yes,,Yes,FALSE,,,60033
,,,,Suspected,,,,,,,,,,,,,,,,,,,,20000-1000000,,,,,,,,,,,,,,,,,,,,,,,,,,Suspected,,,,,,,,,,,Yes,,,,,Migrated from Conservation Measures 4.4.2 Habitat and Site-based actions -> Protected Areas->Establishment: in-place,"Yes, over entire range",,,,,,,,,,,,FALSE,,,Suspected,,,,,,,,,,,,,,,FALSE,FALSE,,TRUE,,,,Suspected,,Suspected,,,Suspected,,,Suspected,,,,,,,Observed,,,,,,Projected,,,,,,,,,,,,,,,,,,,No,,,,Suspected,,,,,,TRUE,,,,,,,,,,,FALSE,,,60034
,2000-1000000,,,Suspected,,,,,,,,,,,,,,,,,,,,20000-1000000,,,,,,,,,,,,,,,,,,,,,,,,,,Suspected,,,,,,,,,,,,,,,,,,,,,,,,,,,,,FALSE,,,Suspected,,,,,,,,,,,,,Full Migrant,,TRUE,FALSE,,TRUE,,,,Suspected,,Suspected,,,Suspected,,,Suspected,,,,,,,Observed,,,,,,Projected,,,,,,,,,,,,,,,,,,,No,,,,Suspected,,,,,,FALSE,,,,,,,,,,,FALSE,,,60037
,2000-1000000,,,Suspected,,,,,,,,,,,,,,,,,,,,20000-1000000,,,,,,,,,,,,,,,,,,,,,,,,,,Suspected,,,,,,,,,,,,,,,,,,,,,,,,,,,,,FALSE,,,Suspected,,,,,,,,,,,,,Full Migrant,,TRUE,FALSE,,TRUE,,,,Suspected,,Suspected,,,Suspected,,,Suspected,,,,,,,Observed,,,,,,Projected,,,,,,,,,,,,,,,,,,,No,,,,Suspected,,,,,,FALSE,,,,,,,,,,,FALSE,,,60038
,,,,Suspected,,,,,,,,,,,,,,,,,,,,,,,,,,,,,,,,,,,,,,,,,,,,,,Suspected,,,,,,,,,,,,,,,,,,,,,,,,,,,,,FALSE,,,Suspected,,,,,,,,,,,,,,,FALSE,FALSE,,TRUE,,,,Suspected,,Suspected,,,Suspected,,,Suspected,,,,,,,Observed,,,,,,Projected,,,,,,,,,,,,,,,,,,,No,,,,Suspected,,,,,,TRUE,,,,,,,,,,,FALSE,,,60044
,2000-1000000,,,Suspected,,,,,,,,,,,,,,,,,,,,2000-1000000,,,,,,,,,,,,,,,,,,,,,,,,,,Suspected,,,,,,,,,,,,,,,,,,,,,,,,,,,,,FALSE,,,Suspected,,,,,,,,,,,,,Full Migrant,,TRUE,FALSE,,TRUE,,,,Suspected,,Suspected,,,Suspected,,,Suspected,,,,,,,Observed,,,,,,Projected,,,,,,,,,,,,,,,,,,,No,,,,Suspected,,,,,,FALSE,,,,,,,,,,,FALSE,,,60048
,2000-1000000,,,Suspected,,,,,,,,,,,,,,,,,,,,20000-1000000,,,,,,,,,,,,,,,,,,,,,,,,,,Suspected,,,,,,,,,,,,,,,,,,,,,,,,,,,,,FALSE,,,Suspected,,,,,,,,,,,,,Full Migrant,,TRUE,FALSE,,TRUE,,,,Suspected,,Suspected,,,Suspected,,,Suspected,,,,,,,Observed,,,,,,Projected,,,,,,,,,,,,,,,,,,,No,,,,Suspected,,,,,,FALSE,,,,,,,,,,,FALSE,,,60049
,2000-1000000,,,Suspected,,,,,,,,,,,,,,,,,,,,20000-1000000,,,,,,,,,,,,,,,,,,,,,,,,,,Suspected,,,,,,,,,,,,,,,,,,,,,,,,,,,,,FALSE,,,Suspected,,,,,,,,,,,,,Full Migrant,,TRUE,FALSE,,TRUE,,,,Suspected,,Suspected,,,Suspected,,,Suspected,,,,,,,Observed,,,,,,Projected,,,,,,,,,,,,,,,,,,,No,,,,Suspected,,,,,,FALSE,,,,,,,,,,,FALSE,,,60050
,,,,Suspected,,,,,,,,,,,,,,,,,,,,,,,,,,,,,,,,,,,,,,,,,,,,,,Suspected,,,,,,,,,,,,,,,,,,,,,,,,,,,,,FALSE,,,Suspected,,,,,,,,,,,,,,,FALSE,FALSE,,TRUE,,,,Suspected,,Suspected,,,Suspected,,,Suspected,,,,,,,Observed,,,,,,Projected,,,,,,,,,,,,,,,,,,,No,,,,Suspected,,,,,,TRUE,,,,,,,,,,,FALSE,,,60051
,2000-1000000,,,Suspected,,,,,,,,,,,,,,,,,,,,20000-1000000,,,,,,,,,,,,,,,,,,,,,,,,,,Suspected,,,,,,,,,,,,,,,,,,,,,,,,,,,,,FALSE,,,Suspected,,,,,,,,,,,,,,,FALSE,FALSE,,FALSE,,,,Suspected,,Suspected,,,Suspected,,,Suspected,,,,,,,Observed,,,,,,Projected,,,,,,,,,,,,,,,,,,,No,,,,Suspected,,,,,,FALSE,,,,,,,,,,,FALSE,,,60052
,2000-1000000,,,Suspected,,,,,,,,,,,,,,,,,,,,20000-1000000,,,,,,,,,,,,,,,,,,,,,,,,,,Suspected,,,,,,,,,,,,,,,,,,,,,,,,,,,,,FALSE,,,Suspected,,,,,,,,,,,,,,,TRUE,FALSE,,TRUE,,,,Suspected,,Suspected,,,Suspected,,,Suspected,,,,,,,Observed,,,,,,Projected,,,,,,,,,,,,,,,,,,,No,,,,Suspected,,,,,,FALSE,,,,,,,,,,,FALSE,,,60053
,,,,Suspected,,,,,,,,,,,,,,,,,,,,,,,,,,,,,,,,,,,,,,,,,,,,,,Suspected,,,,,,,,,,,,,,,,,,,,,,,,,,,,,FALSE,,,Suspected,,,,,,,,,,,,,,,FALSE,FALSE,,TRUE,,,,Suspected,,Suspected,,,Suspected,,,Suspected,,,,,,,Observed,,,,,,Projected,,,,,,,,,,,,,,,,,,,No,,,,Suspected,,,,,,TRUE,,,,,,,,,,,FALSE,,,60056
,,,,Suspected,,,,,,,,,,,,,,,,,,,,,,,,,,,,,,,,,,,,,,,,,,,,,,Suspected,,,,,,,,,,,,,,,,,,,,,,,,,,,,,FALSE,,,Suspected,,,,,,,,,,,,,,,FALSE,FALSE,,TRUE,,,,Suspected,,Suspected,,,Suspected,,,Suspected,,,,,,,Observed,,,,,,Projected,,,,,,,,,,,,,,,,,,,No,,,,Suspected,,,,,,TRUE,,,,,,,,,,,FALSE,,,60057
,,,,Suspected,,,,,,,,,,,,,,,,,,,,,,,,,,,,,,,,,,,,,,,,,,,,,,Suspected,,,,,,,,,,,,,,,,,,,,,,,,,,,,,FALSE,,,Suspected,,,,,,,,,,,,,,,FALSE,FALSE,,TRUE,,,,Suspected,,Suspected,,,Suspected,,,Suspected,,,,,,,Observed,,,,,,Projected,,,,,,,,,,,,,,,,,,,No,,,,Suspected,,,,,,TRUE,,,,,,,,,,,FALSE,,,60058
,,,,Suspected,,,,,,,,,,,,,,,,,,,,,,,,,,,,,,,,,,,,,,,,,,,,,,Suspected,,,,,,,,,,,,,,,,,,,,,,,,,,,,,FALSE,,,Suspected,,,,,,,,,,,,,,,FALSE,FALSE,,TRUE,,,,Suspected,,Suspected,,,Suspected,,,Suspected,,,,,,,Observed,,,,,,Projected,,,,,,,,,,,,,,,,,,,No,,,,Suspected,,,,,,TRUE,,,,,,,,,,,FALSE,,,60065
,,,,Suspected,,,,,,,,,,,,,,,,,,,,,,,,,,,,,,,,,,,,,,,,,,,,,,Suspected,,,,,,,,,,,,,,,,,,,,,,,,,,,,,FALSE,,,Suspected,,,,,,,,,,,,,,,TRUE,FALSE,,TRUE,,,,Suspected,,Suspected,,,Suspected,,,Suspected,,,,,,,Observed,,,,,,Projected,,,,,,,,,,,,,,,,,,,No,,,,Suspected,,,,,,FALSE,,,,,,,,,,,FALSE,,,60068
,,,,Suspected,,,,,,,,,,,,,,,,,,,,,,,,,,,,,,,,,,,,,,,,,,,,,,Suspected,,,,,,,,,,,,,,,,,,,,,,,,,,,,,FALSE,,,Suspected,,,,,,,,,,,,,,,FALSE,FALSE,,TRUE,,,,Suspected,,Suspected,,,Suspected,,,Suspected,,,,,,,Observed,,,,,,Projected,,,,,,,,,,,,,,,,,,,No,,,,Suspected,,,,,,TRUE,,,,,,,,,,,FALSE,,,60069
,,,,Suspected,,,,,,,,,,,,,,,,,,,,20000-1000000,,,,,,,,,,,,,,,,,,,,,,,,,,Suspected,,,,,,,,,,,,,,,,,,,,,,,,,,,,,FALSE,,,Suspected,,,,,,,,,,,,,,,FALSE,FALSE,,TRUE,,,,Suspected,,Suspected,,,Suspected,,,Suspected,,,,,,,Observed,,,,,,Projected,,,,,,,,,,,,,,,,,,,No,,,,Suspected,,,,,,TRUE,,,,,,,,,,,FALSE,,,60072
,2000-1000000,,,Suspected,,,,,,,,,,,,,,,,,,,,20000-1000000,,,,,,,,,,,,,,,,,,,,,,,,,,Suspected,,,,,,,,,,,,,,,,,,,,,,,,,,,,,FALSE,,,Suspected,,,,,,,,,,,,,,,FALSE,FALSE,,TRUE,,,,Suspected,,Suspected,,,Suspected,,,Suspected,,,,,,,Observed,,,,,,Projected,,,,,,,,,,,,,,,,,,,No,,,,Suspected,,,,,,TRUE,,,,,,,,,,,FALSE,,,60073
,,,,,,,,,,,,,,,,,,,,,,,,,,,,,,,,,,,,,,,,,,,,,,,,,,Suspected,,,,,,,,,,,,,,,,,,,,,,,,,,,,,FALSE,,,,,,,,,,,,,,,,,,TRUE,FALSE,,TRUE,,,,Suspected,,Suspected,,,Suspected,,,Suspected,,,,,,,Observed,,,,,,Projected,,,,,,,,,,,,,,,,,,,No,,,,Suspected,,,,,,FALSE,,,,,,,,,,,FALSE,,,63171
,0-500,,,,,,,,,,,,,,,,,,,,,,,0-5000,,,,,,,,,,,,,,,,,,,,,,,,,,Suspected,,,,,,,,,,,,,,,,,,,,,,,,,,,,,FALSE,,,,,,,2,,,,,,,,,,,FALSE,FALSE,,TRUE,,,,Suspected,,Suspected,,,Suspected,,,Suspected,,,,,,,Observed,,,,,,Projected,,,,,,,,,,,,,,,,,,,No,,,,Suspected,,,,,,TRUE,,,,,,,,,,,FALSE,,,63175
,,,,,,,,,,,,,,,,,,,,,,,,,,,,,,,,,,,,,,,,,,,,,,,,,,Suspected,,,,,,,,,,,,,,,,,,,,,,,,,,,,,FALSE,,,,,,,,,,,,,,,,,,FALSE,FALSE,,TRUE,,,,Suspected,,Suspected,,,Suspected,,,Suspected,,,,,,,Observed,,,,,,Projected,,,,,,,,,,,,,,,,,,,No,,,,Suspected,,,,,,TRUE,,,,,,,,,,,FALSE,,,63176
,,,,,,,,,,,,,,,,,,,,,,,,0-20000,,,,,,,,,,,,,,,,,,,,,,,,,,Suspected,,,,,,,,,,,,,,,,,,,,,,,,,,,,,FALSE,,,,,,,,,,,,,,,,,,FALSE,FALSE,,TRUE,,,,Suspected,,Suspected,,,Suspected,,,Suspected,,,,,,,Observed,,,,,,Projected,,,,,,,,,,,,,,,,,,,No,,,,Suspected,,,,,,TRUE,,,,,,,,,,,FALSE,,,63178
,,,,,,,,,,,,,,,,,,,,,,,,,,,,,,,,,,,,,,,,,,,,,,,,,,Suspected,,,,,,,,,,,,,,,,,,,,,,,,,,,,,FALSE,,,,,,,,,,,,,,,,,,TRUE,FALSE,,TRUE,,,,Suspected,,Suspected,,,Suspected,,,Suspected,,,,,,,Observed,,,,,,Projected,,,,,,,,,,,,,,,,,,,No,,,,Suspected,,,,,,FALSE,,,,,,,,,,,FALSE,,,63179
,,,,,,,,,,,,,,,,,,,,,,,,,,,,,,,,,,,,,,,,,,,,,,,,,,Suspected,,,,,,,,,,,,,,,,,,,,,,,,,,,,,FALSE,,,,,,,,,,,,,,,,,,TRUE,FALSE,,TRUE,,,,Suspected,,Suspected,,,Suspected,,,Suspected,,,,,,,Observed,,,,,,Projected,,,,,,,,,,,,,,,,,,,No,,,,Suspected,,,,,,FALSE,,,,,,,,,,,FALSE,,,63180
,,,,,,,,,,,,,,,,,,,,,,,,,,,,,,,,,,,,,,,,,,,,,,,,,,Suspected,,,,,,,,,,,,,,,,,,,,,,,,,,,,,FALSE,,,,,,,,,,,,,,,,,,FALSE,FALSE,,TRUE,,,,Suspected,,Suspected,,,Suspected,,,Suspected,,,,,,,Observed,,,,,,Projected,,,,,,,,,,,,,,,,,,,No,,,,Suspected,,,,,,TRUE,,,,,,,,,,,FALSE,,,63182
,,,,,,,,,,,,,,,,,,,,,,,,,,,,,,,,,,,,,,,,,,,,,,,,,,Suspected,,,,,,,,,,,,,,,,,,,,,,,,,,,,,FALSE,,,,,,,,,,,,,,,,,,FALSE,FALSE,,TRUE,,,,Suspected,,Suspected,,,Suspected,,,Suspected,,,,,,,Observed,,,,,,Projected,,,,,,,,,,,,,,,,,,,No,,,,Suspected,,,,,,TRUE,,,,,,,,,,,FALSE,,,63184
,,,,Suspected,,,,,,,,,,,,,,,,,,,,,,,,,,,,,,,,,,,,,,,,,,,,,,Suspected,,,,,,,,,,,,,,,,,,,,,,,,,,,,,FALSE,,,Suspected,,,,,,,,,,,,,,,FALSE,FALSE,,TRUE,,,,Suspected,,Suspected,,,Suspected,,,Suspected,,,,,,,Observed,,,,,,Projected,,,,,,,,,,,,,,,,,,,No,,,,Suspected,,,,,,TRUE,,,,,,,,,,,FALSE,,,63185
,0-2000,,,,,,,,,,,,,,,,,,,,,,,,,,,,,,,,,,,,,,,,,,,,,,,,,Suspected,,,,,,,,,,,,,,,,Migrated from Conservation Measures 4.4.2 Habitat and Site-based actions -> Protected Areas->Establishment: in-place,"Yes, over entire range",,,,,,,,,,,,FALSE,,,,,,,,,,,,,,,,,,FALSE,FALSE,,TRUE,,,,Suspected,,Suspected,,,Suspected,,,Suspected,,,,,,,Observed,,,,,,Projected,,,,,,,,,,,,,,,,,,,No,,,,Suspected,,,,,,FALSE,,,,,,,,,,,FALSE,,,63191
,,,,Suspected,,,,,,,,,,,,,,,,,,,,,,,,,,,,,,,,,,,,,,,,,,,,,,Suspected,,,,,,,,,,,,,,,,,,,,,,,,,,,,,FALSE,,,Suspected,,,,,,,,,,,,,,,FALSE,FALSE,,TRUE,,,,Suspected,,Suspected,,,Suspected,,,Suspected,,,,,,,Observed,,,,,,Projected,,,,,,,,,,,,,,,,,,,No,,,,Suspected,,,,,,FALSE,,,,,,,,,,,FALSE,,,63193
,,,,,,,,,,,,,,,,,,,,,,,,0-20000,,,,,,,,,,,,,,,,,,,,,,,,,,Suspected,,,,,,,,,,,,,,,,,,,,,,,,,,,,,FALSE,,,,,,,,,,,,,,,,,,TRUE,FALSE,,TRUE,,,,Suspected,,Suspected,,,Suspected,,,Suspected,,,,,,,Observed,,,,,,Projected,,,,,,,,,,,,,,,,,,,No,,,,Suspected,,,,,,FALSE,,,,,,,,,,,FALSE,,,63194
,,,,,,,,,,,,,,,,,,,,,,,,,,,,,,,,,,,,,,,,,,,,,,,,,,Suspected,,,,,,,,,,,,,,,,,,,,,,,,,,,,,FALSE,,,,,,,,,,,,,,,,,,FALSE,FALSE,,TRUE,,,,Suspected,,Suspected,,,Suspected,,,Suspected,,,,,,,Observed,,,,,,Projected,,,,,,,,,,,,,,,,,,,No,,,,Suspected,,,,,,TRUE,,,,,,,,,,,FALSE,,,63195
,,,,,,,,,,,,,,,,,,,,,,,,,,,,,,,,,,,,,,,,,,,,,,,,,,Suspected,,,,,,,,,,,,,,,,,,,,,,,,,,,,,FALSE,,,,,,,,,,,,,,,,,,TRUE,FALSE,,TRUE,,,,Suspected,,Suspected,,,Suspected,,,Suspected,,,,,,,Observed,,,,,,Projected,,,,,,,,,,,,,,,,,,,No,,,,Suspected,,,,,,FALSE,,,,,,,,,,,FALSE,,,63201
,0-2000,,,,,,,,,,,,,,,,,,,,,,,,,,,,,,,,,,,,,,,,,,,,,,,,,Suspected,,,,,,,,,,,,,,,,,,,,,,,,,,,,,FALSE,,,,,,,6,,,,,,,,,,,FALSE,FALSE,,TRUE,,,,Suspected,,Suspected,,,Suspected,,,Suspected,,,,,,,Observed,,,,,,Projected,,,,,,,,,,,,,,,,,,,No,,,,Suspected,,,,,,FALSE,,,,,,,,,,,FALSE,,,63202
,,,,,,,,,,,,,,,,,,,,,,,,,,,,,,,,,,,,,,,,,,,,,,,,,,,,,,,,,,,,,,,,,,,,,,,,,,,,,,,FALSE,,,,,,,,,,,,,,,,,,FALSE,FALSE,,TRUE,,,,,,,,,,,,,,,,,,,,,,,,,,,,,,,,,,,,,,,,,,,,No,,,,,,,,,,FALSE,,,,,,,,,,,FALSE,,,63203
,,,,,,,,,,,,,,,,,,,,,,,,,,,,,,,,,,,,,,,,,,,,,,,,,,Suspected,,,,,,,,,,,,,,,,,,,,,,,,,,,,,FALSE,,,,,,,,,,,,,,,,,,FALSE,FALSE,,TRUE,,,,Suspected,,Suspected,,,Suspected,,,Suspected,,,,,,,Observed,,,,,,Projected,,,,,,,,,,,,,,,,,,,No,,,,Suspected,,,,,,TRUE,,,,,,,,,,,FALSE,,,63204
,,,,,,,,,,,,,,,,,,,,,,,,,,,,,,,,,,,,,,,,,,,,,,,,,,Suspected,,,,,,,,,,,,,,,,,,,,,,,,,,,,,FALSE,,,,,,,,,,,,,,,,,,FALSE,FALSE,,TRUE,,,,Suspected,,Suspected,,,Suspected,,,Suspected,,,,,,,Observed,,,,,,Projected,,,,,,,,,,,,,,,,,,,No,,,,Suspected,,,,,,TRUE,,,,,,,,,,,FALSE,,,63208
,,,,,,,,,,,,,,,,,,,,,,,,,,,,,,,,,,,,,,,,,,,,,,,,,,Suspected,,,,,,,,,,,,,,,,,,,,,,,,,,,,,FALSE,,,,,,,,,,,,,,,,,,FALSE,FALSE,,TRUE,,,,Suspected,,Suspected,,,Suspected,,,Suspected,,,,,,,Observed,,,,,,Projected,,,,,,,,,,,,,,,,,,,No,,,,Suspected,,,,,,FALSE,,,,,,,,,,,FALSE,,,63214
,,,,,,,,,,,,,,,,,,,,,,,,0-5000,,,,,,,,,,,,,,,,,,,,,,,,,,Suspected,,,,,,,,,,,Yes,,Yes,,,,"Yes, over entire range",,,,,,,,,,,,FALSE,,,,,,,,,,,,,,,,,,FALSE,FALSE,,TRUE,,,,Suspected,,Suspected,,,Suspected,,,Suspected,,,,,,,Observed,,,,,,Projected,,,,,,,,,,,,,,,,,,,No,,,,Suspected,,,,,,FALSE,,,,,,,,,,,FALSE,,,63216
,,,,,,,,,,,,,,,,,,,,,,,,,,,,,,,,,,,,,,,,,,,,,,,,,,Suspected,,,,,,,,,,,,,,,,,,,,,,,,,,,,,FALSE,,,,,,,,,,,,,,,,,,FALSE,FALSE,,TRUE,,,,Suspected,,Suspected,,,Suspected,,,Suspected,,,,,,,Observed,,,,,,Projected,,,,,,,,,,,,,,,,,,,No,,,,Suspected,,,,,,TRUE,,,,,,,,,,,FALSE,,,63218
,0-10,,,,,,,,,,,,,,,,,,,,,,,0-100,,,,,,,,,,,,,,,,,,,,,,,,,,Suspected,,,,,,,,,,,,,,,,,,,,,,,,,,,,,FALSE,,,,,,,1,,,,,,,,,,,FALSE,FALSE,,TRUE,,,,Suspected,,Suspected,,,Suspected,,,Suspected,,,,,,,Observed,,,,,,Projected,,,,,,,,,,,,,,,,,,,No,,,,Suspected,,,,,,FALSE,,,,,,,,,,,FALSE,,,63219
,0-400,,,,,,,,,,,,,,,,,,,,,,,400,,,,,,,,,,,,,,,,,,,,,,,,,,Suspected,,,,,,,,,,,,,,,,Migrated from Conservation Measures 4.4.2 Habitat and Site-based actions -> Protected Areas->Establishment: in-place,"Yes, over entire range",,,,,,,,,,,,FALSE,,,,,,,,,,,,,,,,,,FALSE,FALSE,,TRUE,,,,Suspected,,Suspected,,,Suspected,,,Suspected,,,,,,,Observed,,,,,,Projected,,,,,,,,,,,,,,,,,,,No,,,,Suspected,,,,,,FALSE,,,,,,,,,,,FALSE,,,6973
,,,,,,,,,,,,,,,,,,,,,,,,,,,,,,,,,,,,,,,,,,,,,,,,,,Suspected,,,,,,,,,,,,,,,,Migrated from Conservation Measures 4.4.2 Habitat and Site-based actions -> Protected Areas->Establishment: in-place,"Yes, over entire range",,,,,,,,,,,,FALSE,,,,,,,,,,,,,,,,,,FALSE,FALSE,,TRUE,,,,Suspected,,Suspected,,,Suspected,,,Suspected,,,,,,,Observed,,,,,,Projected,,,,,,,,,,,,,,,,,,,No,,,,Suspected,,,,,,FALSE,,,,,,,,,,,FALSE,,,6975
